Language,CC (%),URW (%),ALL
BG,28.11459027315123,71.88540972684876,3002
EN,38.83071553228621,61.169284467713794,2292
HI,12.330456226880395,87.66954377311961,1622
PT,29.015271195365983,70.98472880463402,3798
RU,0.0,100.0,544
